hasan,jalan ganesha,hasan,q#!|O*j=q3%d#13113,admin
faris,jalan ganesha,faris,q#!|O*j=q3%d#13113,admin
dita,jalan ganesha,dita,q#!|O*j=q3%d#13113,admin
rakha,jalan ganesha,rakha,q#!|O*j=q3%d#13113,admin
adel,jalan ganesha,adel,q#!|O*j=q3%d#13113,admin
rizki,jalan ganesha,rizki,q#!|O*j=q3%d#13113,admin
Mike Mirzayanov,Codeforces Street,MikeMirzayanov,*E=9E^q_>lY*Aqp/l22971,admin
Kevin Sun,MIT Street,ksun48,wJ[QNhg&c21917,pengunjung
Benjamin Qi,America Street,benq,}yocb!^17732,pengunjung
Gennady Korotkevich,Belarus Street,tourist,q'8Kd7)(F$29264,pengunjung
Petr Mitrichev,Moscow Street,Petr,*&w+*H&17391,pengunjung
Endagorion,Moscow Street,Endagorion,QG$b=Re~4*72o9579,pengunjung
Jaehyun Koo,Korean Street,ko_osaga,w--BtS.lk*g30566,pengunjung
Mateusz Radecki,Warsaw Street,Radewoosh,hG$ o%:lfe$o-31746,pengunjung
Imether Dorosvich,Unknown Street,ecnerwala,\qgeDvhGFdB30814,pengunjung
abahdidin,Jalan Cikapundung,abahdidincapek,^\;5q+g!v4!2.&17391,pengunjung
Achmad Rifqy Pratama,Jalan Lebak Sawah ,salakiable,^={Z12028,pengunjung
kucing,laut,kucinglaut,~=zw6262,pengunjung
